problem,model,regularisation,degree,alpha,cv_mse,cv_r2
VAR2,ridge,L2,1,0.001,34.97444552700081,0.24469235146721013
VAR2,ridge,L2,1,0.01,34.974439936119786,0.24469247220780055
VAR2,ridge,L2,1,0.1,34.97438419902355,0.24469367590537072
VAR2,ridge,L2,1,1.0,34.97384395751723,0.24470534295357182
VAR2,ridge,L2,1,10.0,34.9701133108007,0.24478590994917426
VAR2,ridge,L2,2,0.001,20.61223825806558,0.5548583837396954
VAR2,ridge,L2,2,0.01,20.61223408767017,0.5548584738034978
VAR2,ridge,L2,2,0.1,20.612192762043765,0.5548593662711621
VAR2,ridge,L2,2,1.0,20.611817242476953,0.5548674759866046
VAR2,ridge,L2,2,10.0,20.611741472905546,0.5548691123052352
VAR2,ridge,L2,3,0.001,11.571065507147825,0.7501114271425546
VAR2,ridge,L2,3,0.01,11.571059693348008,0.7501115526972961
VAR2,ridge,L2,3,0.1,11.57101480787461,0.7501125220433674
VAR2,ridge,L2,3,1.0,11.571831163591694,0.7500948920364368
VAR2,ridge,L2,3,10.0,11.663162199244718,0.7481225082362735
VAR2,ridge,L2,4,0.001,3.4270154645257898,0.9259902207742463
VAR2,ridge,L2,4,0.01,3.427015795630755,0.9259902136237079
VAR2,ridge,L2,4,0.1,3.427054815782198,0.9259893709450496
VAR2,ridge,L2,4,1.0,3.4307372577017383,0.9259098449795855
VAR2,ridge,L2,4,10.0,3.6379952278837875,0.9214339046826328
VAR2,ridge,L2,5,0.001,1.4832156556761593,0.9679684949317952
VAR2,ridge,L2,5,0.01,1.4831538781721678,0.9679698290779287
VAR2,ridge,L2,5,0.1,1.4828380464565587,0.9679766497753509
VAR2,ridge,L2,5,1.0,1.4958802257908994,0.9676949910483481
VAR2,ridge,L2,5,10.0,1.799549782435729,0.9611369474452457
VAR2,ridge,L2,6,0.001,0.5530607937008435,0.9880561066432528
VAR2,ridge,L2,6,0.01,0.5529808708158411,0.9880578326567871
VAR2,ridge,L2,6,0.1,0.5535742426176722,0.9880450182074486
VAR2,ridge,L2,6,1.0,0.5968665290959903,0.9871100785791905
VAR2,ridge,L2,6,10.0,0.963058149601608,0.9792018093377817
VAR2,ridge,L2,7,0.001,0.33575030961881114,0.9927491408932685
VAR2,ridge,L2,7,0.01,0.3355106454927927,0.9927543166764649
VAR2,ridge,L2,7,0.1,0.339302939320562,0.992672418350689
VAR2,ridge,L2,7,1.0,0.39221186421299015,0.9915297979304154
VAR2,ridge,L2,7,10.0,0.6460516345215829,0.986047877713328
VAR2,ridge,L2,8,0.001,0.28074047452538187,0.9939371325415854
VAR2,ridge,L2,8,0.01,0.27720907420248786,0.9940133966147886
VAR2,ridge,L2,8,0.1,0.27548241683346725,0.9940506854837776
VAR2,ridge,L2,8,1.0,0.30038884807297633,0.9935128065344649
VAR2,ridge,L2,8,10.0,0.4236062688897298,0.9908518047952514
VAR2,ridge,L2,9,0.001,0.3009165230352901,0.9935014108731766
VAR2,ridge,L2,9,0.01,0.28558453507267084,0.9938325202760815
VAR2,ridge,L2,9,0.1,0.27003481526483913,0.9941683318129457
VAR2,ridge,L2,9,1.0,0.27323306747392734,0.994099262401864
VAR2,ridge,L2,9,10.0,0.3514444228797264,0.992410211037361
VAR2,ridge,L2,10,0.001,0.3821409155702639,0.9917472899999311
VAR2,ridge,L2,10,0.01,0.31807894071705184,0.9931307715350248
VAR2,ridge,L2,10,0.1,0.27792780078886586,0.9939978750052331
VAR2,ridge,L2,10,1.0,0.2650141069749898,0.9942767589606885
VAR2,ridge,L2,10,10.0,0.3058086483162912,0.9933957606023389
VAR2,ridge,L2,11,0.001,0.493445826957901,0.9893435506518564
VAR2,ridge,L2,11,0.01,0.36110632953498795,0.992201552633027
VAR2,ridge,L2,11,0.1,0.29094032067212605,0.9937168568033312
VAR2,ridge,L2,11,1.0,0.2647800718479698,0.9942818131800992
VAR2,ridge,L2,11,10.0,0.2893485628857245,0.993751232382774
VAR2,ridge,L2,12,0.001,0.6031189069334735,0.9869750523126978
VAR2,ridge,L2,12,0.01,0.4186825038992865,0.9909581383568224
VAR2,ridge,L2,12,0.1,0.3150053859183206,0.9931971479825334
VAR2,ridge,L2,12,1.0,0.2736485916239428,0.9940902887479882
VAR2,ridge,L2,12,10.0,0.2835866010562345,0.9938756676318476
VAR2,ridge,L2,13,0.001,0.7580680214498365,0.9836287733491831
VAR2,ridge,L2,13,0.01,0.4918399745865844,0.9893782306177628
VAR2,ridge,L2,13,0.1,0.34046788690934027,0.9926472601584522
VAR2,ridge,L2,13,1.0,0.2827500901191028,0.9938937329106355
VAR2,ridge,L2,13,10.0,0.2832648258429743,0.9938826166849641
VAR2,ridge,L2,14,0.001,0.9138715330151247,0.9802640428386542
VAR2,ridge,L2,14,0.01,0.5698610231045584,0.9876932891182134
VAR2,ridge,L2,14,0.1,0.3718139146225733,0.9919703117715322
VAR2,ridge,L2,14,1.0,0.2970309168884369,0.9935853243705224
VAR2,ridge,L2,14,10.0,0.2887989965219991,0.9937631008104686
VAR2,ridge,L2,15,0.001,1.1362466239483335,0.9754616334081643
VAR2,ridge,L2,15,0.01,0.6800828957220975,0.9853129390606445
VAR2,ridge,L2,15,0.1,0.4093551309337574,0.9911595721761561
VAR2,ridge,L2,15,1.0,0.3110720613841449,0.9932820920055211
VAR2,ridge,L2,15,10.0,0.29541080870321357,0.9936203122047914
VAR2,ridge,L2,16,0.001,1.4145726219166512,0.9694509089525414
VAR2,ridge,L2,16,0.01,0.7850936231882265,0.983045128822683
VAR2,ridge,L2,16,0.1,0.45046359121966845,0.9902717944285608
VAR2,ridge,L2,16,1.0,0.3259286871217806,0.9929612485187427
VAR2,ridge,L2,16,10.0,0.3048102125846084,0.9934173228067812
VAR2,ridge,L2,17,0.001,1.8346696172353383,0.9603784999719648
VAR2,ridge,L2,17,0.01,0.9515058031782762,0.9794512936535604
VAR2,ridge,L2,17,0.1,0.5037084102581453,0.989121920042891
VAR2,ridge,L2,17,1.0,0.34312569889514705,0.9925898620870606
VAR2,ridge,L2,17,10.0,0.31503788195900784,0.993196446198482
VAR2,ridge,L2,18,0.001,2.388753627190135,0.9484125092509544
VAR2,ridge,L2,18,0.01,1.106778973072294,0.9760980163945302
VAR2,ridge,L2,18,0.1,0.557561713315001,0.9879589048446602
VAR2,ridge,L2,18,1.0,0.3571450590858357,0.9922871001756133
VAR2,ridge,L2,18,10.0,0.3251741672919444,0.9929775431186958
VAR2,ridge,L2,19,0.001,3.424889197937111,0.9260361395984921
VAR2,ridge,L2,19,0.01,1.3535665934056134,0.9707683943121141
VAR2,ridge,L2,19,0.1,0.6368325288509874,0.9862469733936372
VAR2,ridge,L2,19,1.0,0.37645879366351165,0.9918700010271224
VAR2,ridge,L2,19,10.0,0.33721850590388375,0.9927174337463229
VAR2,ridge,L2,20,0.001,4.552868222096091,0.901676319978933
VAR2,ridge,L2,20,0.01,1.5697574472143838,0.9660995395822075
VAR2,ridge,L2,20,0.1,0.7060091440462086,0.9847530361554836
VAR2,ridge,L2,20,1.0,0.39085487746501746,0.9915591033977147
VAR2,ridge,L2,20,10.0,0.3464722007045591,0.9925175910796324
VAR2,lasso,L1,1,0.001,34.97442953896695,0.2446926967445714
VAR2,lasso,L1,1,0.01,34.97455078285434,0.2446900783632332
VAR2,lasso,L1,1,0.1,34.99267289817856,0.24429871340788556
VAR2,lasso,L1,1,1.0,36.72549424164445,0.206876727310916
VAR2,lasso,L1,1,10.0,46.34306799277828,-0.0008242642302218606
VAR2,lasso,L1,2,0.001,20.611721328479092,0.554869547343994
VAR2,lasso,L1,2,0.01,20.607873955193828,0.5549526351649826
VAR2,lasso,L1,2,0.1,20.667902931850517,0.553656250203929
VAR2,lasso,L1,2,1.0,27.08729138920643,0.4150232246424279
VAR2,lasso,L1,2,10.0,46.34306799277828,-0.0008242642302218606
VAR2,lasso,L1,3,0.001,11.569743495942863,0.7501399772785041
VAR2,lasso,L1,3,0.01,11.573830564139833,0.7500517130094719
VAR2,lasso,L1,3,0.1,12.480642613814073,0.7304682123540611
VAR2,lasso,L1,3,1.0,22.056164268192802,0.5236753773208357
VAR2,lasso,L1,3,10.0,46.34306799277828,-0.0008242642302218606
VAR2,lasso,L1,4,0.001,3.426538333263147,0.926000524894486
VAR2,lasso,L1,4,0.01,3.4657252562423047,0.9251542446403567
VAR2,lasso,L1,4,0.1,5.6027372904109995,0.8790033619003252
VAR2,lasso,L1,4,1.0,17.695487685177177,0.6178484893259075
VAR2,lasso,L1,4,10.0,46.34306799277828,-0.0008242642302218606
VAR2,lasso,L1,5,0.001,1.4844364479380536,0.9679421307187595
VAR2,lasso,L1,5,0.01,1.6620124123101037,0.9641072026144026
VAR2,lasso,L1,5,0.1,4.001531957514542,0.9135829704283435
VAR2,lasso,L1,5,1.0,16.432110308685647,0.6451323699155413
VAR2,lasso,L1,5,10.0,46.34306799277828,-0.0008242642302218606
VAR2,lasso,L1,6,0.001,0.5737142466854375,0.9876100749543205
VAR2,lasso,L1,6,0.01,0.8973036194878438,0.980621843273195
VAR2,lasso,L1,6,0.1,2.6799920319495176,0.9421229286344032
VAR2,lasso,L1,6,1.0,15.073144228335256,0.6744805828498351
VAR2,lasso,L1,6,10.0,46.34306799277828,-0.0008242642302218606
VAR2,lasso,L1,7,0.001,0.3826534394207046,0.991736221541848
VAR2,lasso,L1,7,0.01,0.6513822595719444,0.9859327576074527
VAR2,lasso,L1,7,0.1,2.0550098048736425,0.9556200362852746
VAR2,lasso,L1,7,1.0,14.885683646712648,0.6785289790135041
VAR2,lasso,L1,7,10.0,46.34306799277828,-0.0008242642302218606
VAR2,lasso,L1,8,0.001,0.3140890554216568,0.9932169370434403
VAR2,lasso,L1,8,0.01,0.47138176593693093,0.9898200458127009
VAR2,lasso,L1,8,0.1,1.6416931517117064,0.964546017089121
VAR2,lasso,L1,8,1.0,14.730668891671973,0.6818766755488864
VAR2,lasso,L1,8,10.0,46.34306799277828,-0.0008242642302218606
VAR2,lasso,L1,9,0.001,0.28552513857144834,0.9938338030021118
VAR2,lasso,L1,9,0.01,0.41327276288294373,0.99107496705002
VAR2,lasso,L1,9,0.1,1.5030975570573055,0.9675391256607667
VAR2,lasso,L1,9,1.0,14.693267858990763,0.6826843877405018
VAR2,lasso,L1,9,10.0,46.34306799277828,-0.0008242642302218606
VAR2,lasso,L1,10,0.001,0.2659349073510527,0.9942568733683271
VAR2,lasso,L1,10,0.01,0.3740022040324319,0.9919230535032862
VAR2,lasso,L1,10,0.1,1.4781521481625042,0.9680778463709914
VAR2,lasso,L1,10,1.0,14.752228122747729,0.6814110826886528
VAR2,lasso,L1,10,10.0,46.34306799277828,-0.0008242642302218606
VAR2,lasso,L1,11,0.001,0.26361263213369884,0.9943070251922442
VAR2,lasso,L1,11,0.01,0.35971775201999323,0.9922315403341
VAR2,lasso,L1,11,0.1,1.417594077748619,0.9693856576336083
VAR2,lasso,L1,11,1.0,14.771876133510544,0.6809867645162273
VAR2,lasso,L1,11,10.0,46.34306799277828,-0.0008242642302218606
VAR2,lasso,L1,12,0.001,0.2676231598177735,0.9942204138910844
VAR2,lasso,L1,12,0.01,0.35429895819998036,0.9923485645315221
VAR2,lasso,L1,12,0.1,1.3998383757537451,0.9697691095316933
VAR2,lasso,L1,12,1.0,14.797807899966802,0.6804267424415598
VAR2,lasso,L1,12,10.0,46.34306799277828,-0.0008242642302218606
VAR2,lasso,L1,13,0.001,0.2693065337260725,0.9941840597711229
VAR2,lasso,L1,13,0.01,0.3524534982308278,0.9923884190598429
VAR2,lasso,L1,13,0.1,1.3716309984723856,0.9703782756666993
VAR2,lasso,L1,13,1.0,14.818282757423024,0.6799845676992222
VAR2,lasso,L1,13,10.0,46.34306799277828,-0.0008242642302218606
VAR2,lasso,L1,14,0.001,0.27699163931797605,0.9940180923355887
VAR2,lasso,L1,14,0.01,0.35267531483428083,0.9923836287115004
VAR2,lasso,L1,14,0.1,1.3633544315283894,0.9705570162935254
VAR2,lasso,L1,14,1.0,14.847276804253188,0.6793584126593708
VAR2,lasso,L1,14,10.0,46.34306799277828,-0.0008242642302218606
VAR2,lasso,L1,15,0.001,0.2809630278037912,0.9939323262840206
VAR2,lasso,L1,15,0.01,0.35339427816532293,0.9923681019892102
VAR2,lasso,L1,15,0.1,1.3567807354095474,0.9706989817452396
VAR2,lasso,L1,15,1.0,14.85986717822587,0.6790865111147955
VAR2,lasso,L1,15,10.0,46.34306799277828,-0.0008242642302218606
VAR2,lasso,L1,16,0.001,0.2892982492591224,0.9937523189551678
VAR2,lasso,L1,16,0.01,0.35650355601237665,0.9923009540672373
VAR2,lasso,L1,16,0.1,1.3542986458980886,0.9707525849164722
VAR2,lasso,L1,16,1.0,14.877463207635088,0.6787065075036924
VAR2,lasso,L1,16,10.0,46.34306799277828,-0.0008242642302218606
VAR2,lasso,L1,17,0.001,0.29499906872924425,0.9936292041356529
VAR2,lasso,L1,17,0.01,0.3577130947995721,0.9922748328840877
VAR2,lasso,L1,17,0.1,1.3610417915524022,0.9706069600349013
VAR2,lasso,L1,17,1.0,14.887913530524202,0.6784808224731265
VAR2,lasso,L1,17,10.0,46.34306799277828,-0.0008242642302218606
VAR2,lasso,L1,18,0.001,0.30108571928281347,0.9934977569133229
VAR2,lasso,L1,18,0.01,0.36004597974951696,0.9922244519325304
VAR2,lasso,L1,18,0.1,1.3574714967819597,0.9706840640720633
VAR2,lasso,L1,18,1.0,14.911053254748913,0.6779810973044067
VAR2,lasso,L1,18,10.0,46.34306799277828,-0.0008242642302218606
VAR2,lasso,L1,19,0.001,0.30815543636791337,0.9933450793995875
VAR2,lasso,L1,19,0.01,0.3620815256078874,0.9921804923119388
VAR2,lasso,L1,19,0.1,1.3612273288279493,0.9706029531744295
VAR2,lasso,L1,19,1.0,14.9204693566025,0.6777777472972168
VAR2,lasso,L1,19,10.0,46.34306799277828,-0.0008242642302218606
VAR2,lasso,L1,20,0.001,0.3143416630295313,0.9932114817329862
VAR2,lasso,L1,20,0.01,0.3640506964936205,0.992137966124351
VAR2,lasso,L1,20,0.1,1.3614250077402412,0.970598684103336
VAR2,lasso,L1,20,1.0,14.94343850903603,0.6772817057945726
VAR2,lasso,L1,20,10.0,46.34306799277828,-0.0008242642302218606
