degree,val_mse,val_r2
1,26.90997009,0.21242162
2,17.73050402,0.481078516
3,8.449093327,0.75271904
4,3.014792609,0.911765585
5,1.091522158,0.968054247
6,0.542005683,0.984137033
7,0.310332431,0.990917451
8,0.253307199,0.992586418
9,0.274580098,0.991963821
10,0.411940478,0.987943672
11,0.737102044,0.978427117
12,1.273400272,0.962731191
13,5.449623346,0.840505006
14,88.67389811,-1.595233096
15,4.72E+13,-1.38E+12
16,1.24E+12,-36337829236
17,1.49E+12,-43513052822
18,8.08E+11,-23640584875
19,6.23E+11,-18231765316
20,6.18E+11,-18091872501
